SOURCE:,https://old.reddit.com/r/3Dprinting/comments/akhp6o/list_of_us_filament_manufacturers_2019/,,,,,,,,,,,,,,,,,,,,,,,,,,,,,,,
USER:,Mystixa,,,,,,,,,,,,,,,,,,,,,,,,,,,,,,,
DATE:,“2 Years Ago” – Reddit // assuming as of June 2021 this means July 2018,,,,,,,,,,,,,,,,,,,,,,,,,,,,,,,
,,,PLA,,,,PETG,,,,ABS,,,,,,,,,,,,,,,,,,,,,
WEBSITE,In Business,BRAND,C2018,C2021,Stock,Source,Cost 2018,Cost 2021,Stock,Source,Cost 2018,Cost 2021,Stock,Source,PLA+,Stock,ASA,Stock,NYLON,Stock,PC+,Stock,TPU,Stock,SDS,TDS (tech datasheet),FreeShp,Webkit,Location,City,MyOpinion,Notes
https://www.3dfuel.com ,yes,3DFuel,$25.00,$27.00,31/32,NatureWorks,$35.00,$30.00,2/6,recycled PETG,$30.00,$30.00,0/2,unknown,$32.00,31/32,$30.00,0/2,x,x,x,x,x,x,yes,yes,$49.00,Shopify,North Dakota,Fargo,Engineering Manufacturer,"From a PDF on the natureworks website 3DOMFuel PLA filaments use the following, Standard:4043D, Workday:3D850, Pro PLA:3D870. "
https://www.3dxtech.com/,yes,3DXTech,$32.00,$30.00,35/35,NatureWorks 4043D,$32.00,$32.00,10/10,unknown,$32.00,$30.00,16/16,unknown,$40.00,5/5,$42.00,11/13,$68.00,1/1,$67.00,4/4,x,x,yes,yes,$50.00,WooCommerce,Michigan,Grand Rapids,Engineering Manufacturer,
https://zeus.aiorobotics.com ,amazon seller,aio robotics,$26.00,x,x,unknown,$34.00,x,x,unknown,$0.00,x,x,x,x,x,x,x,x,x,x,x,x,x,x,x,x,,,,,"unknown where the filament is made or material source, not stated on site or amazon ads that I can find. Im not sure where the info that this is made in the US came from."
no website found,no,Argos,$23.00,x,x,unknown,$0.00,x,x,x,$0.00,x,x,x,x,x,x,x,x,x,x,x,x,x,x,x,x,,,,,lots of corporate speak but no material sourcing information on site or ads.
https://atomicfilament.com,yes,Atomic Filmament,$30.00,$30.00,31/42,NatureWorks,$33.00,$33.00,15/23,unknown,$30.00,$31.50,8/11,unknown,$35.00,10/22,x,x,x,x,x,x,x,x,yes,no,$50.00,Shopify,Indiana,Kendallville,Retail Manufacturer,"""using only American-made supplies where possible. """
https://www.coexllc.com,yes,Coexllc,$24.00,$28.00,30/30,NatureWorks 3D850,$29.00,$33.00,10/10,unknown,$24.00,$28.00,12/12,unknown,$38.00,6/6,x,x,x,x,$50.00,3/3,$95.00,3/3,no,no,$49.00,WooCommerce,Wisconsin,Pulaski,Engineering Manufacturer,
no website found,no,ColorMe3D,$19.00,x,x,unknown,$0.00,x,x,x,$19.00,x,x,unknown,x,x,x,x,x,x,x,x,x,x,x,x,x,,,,,"incomplete and minimal website, little info. No info on material source, only generic claim of 'made in usa')"
https://www.deltamaker.com,yes,Deltamaker,$48.00,$48.00,11/11,NatureWorks 3D850,$0.00,x,x,x,$0.00,x,x,x,x,x,x,x,x,x,x,x,x,x,x,x,no,Shopify,Flordia,Orlando,Re-Brand Retail,no source 'Manufactured in U.S.A'
https://fusionfilaments.com,yes,Fusion Filaments,$18.00,$26.00,2/9,NatureWorks 4043D,$0.00,$32.00,6/7,unknown,$0.00,$35.00,11/12,unknown,$29.00,19/24,x,x,x,x,x,x,x,x,no,yes,No/$5 flat rate,Shopify,Wisconsin,West Bend,Retail Manufacturer,
https://www.ic3dprinters.com,yes,IC3D,$28.00,$30.00,8/8,unknown,$33.00,$34.00,8/8,unknown,$33.00,$34.00,8/8,unknown,x,x,x,x,$35.00,0/1,$50.00,1/1,$39.00,2/2,yes,yes,No/$8 flat rate,WooCommerce,Ohio,Columbus,Retail Manufacturer,company and manufacturing in the u.s. but no source given for the materials
https://www.fiberich-usa.com,yes,Jinos Filament,$16.00,$19.00,5/5,NatureWorks?,$0.00,x,x,x,$0.00,x,x,x,x,x,x,x,x,x,x,x,x,x,no,no,Free,Wix/Paypal,North Carolina,Lake Norman,Very Small Business Manufacturer,"full source info not stated ""only use premium US-made raw materials"", but they also sell NatureWork pellets so thats likely source"
https://www.villageplastics.com,yes,Keene Village Plastics,$39.00,$33.00,36/36,unknown,$39.00,$40.00,42/42,unknown,$55.00,$34.22,54/54,unknown,$45.00,6/6,x,x,$60.00,3/3,$60.00,7/7,$69.00,18/18,no,bad,$50.00,WooCommerce,Ohio,Barberton,Retail Manufacturer,"Source not given, only ""We source top-quality raw materials"""
https://madmakerfilament.com,no merch,Mad Maker Filament,$0.00,x,x,x,$0.00,x,x,x,$0.00,x,x,x,x,x,x,x,x,x,x,x,x,x,x,x,$50.00,,,,," Lots of words but no specific sourcing, ""made in-house using 100% domestically sourced and produced materials"" Site is 100% sold out of everything but HTPLA so no pricing available"
https://www.matterhackers.com,yes,Matterhackers,x,$42.00,52/65,NatureWorks 4043D,$25.00,$24.00,10/10,unknown,$20.00,$19.00,17/17,unknown,$52.00,15/16,x,x,$78.34,7/7,x,x,$45.00,9/9,yes,yes,$35.00,Google,California,Irvine,Massive Retailer,"Extensive site, but they dont actually state the source of the materials. Some but not all filament is made in the u.s. ""Is this filament made in the United States of America? It is not, however, all of our PRO Series is manufactured in the US"""
https://metlink3ddemo.myshopify.com,yes,MeltInk,$30.00,$30.00,22/22,unknown,$0.00,x,x,x,$30.00,$30.00,7/16,unknown,$35.00,23/23,x,x,x,x,x,x,x,x,no,no,Free,Shopify,Flordia,Miami,Wholesale Manufacturer,no source information for materials given
No public MSRP,yes,MG Chemicals,$28.00,x,x,unknown,$30.00,x,x,unknown,$27.00,x,x,unknown,x,x,x,x,x,x,x,x,x,x,x,x,x,,,,,"no source for materials given, corporate non retail site, extensive site but I cant find any claim to being u.s. made, and headquartered in Canada so possibly made in Canada. Not available for sale on company site - prices found elsewhere"
https://monofilamentdirect.com,yes,Monofilaments Direct,$26.00,$26.00,10/10,unknown,$0.00,x,x,x,$26.00,$26.00,10/10,unknown,x,x,x,x,x,x,x,x,x,x,no,no,no,WooCommerce,Massachusetts,,Re-Brand Retail,no source given for materials
https://ninjatek.com,yes,Ninjatek,$0.00,x,x,x,$0.00,x,x,x,$0.00,x,x,x,x,x,x,x,x,x,x,x,$85.00,33/33,yes,yes,no,WooCommerce,Pennsylvania,Manheim,Engineering Manufacturer,Subsidiary of a U.S. company but doesn't actually state on their website that its made in the u.s. or source materials. They only offer flexibles PLA/PETG/ABS n/a
https://www.partsnap.com,yes,Partsnap,$29.00,$29.00,4/4,unknown,$0.00,x,x,x,$0.00,x,x,x,x,x,x,x,x,x,x,x,x,x,no,no,$50.00,WooCommerce,Texas,Grand Prairie,Re-Brand Retail,"website filled with technical data aimed at industry, difficult to find retail area. Retail area 1/2 broken and using shopping cart defaults. 1 product available, no material source given."
https://precision3dfilament.com,yes,Precision3D,$29.00,$23.00,21/42,unknown,$0.00,x,x,x,$0.00,x,x,x,x,x,x,x,x,x,x,x,x,x,no,no,no,Shopify,Idaho,Boise,Small Business Manufacturer,no source for materials given
https://www.printedsolid.com,yes,Printed Solid,$25.00,$19.00,34/34 (+10@$20),unknown,$0.00,x,x,x,$0.00,x,x,x,x,x,x,x,x,x,x,x,x,x,yes,no,$45.00,Shopify,Delaware,Newark,Retail Manufacturer,"no material source information given. Their blog has an entry about installing a filament extrusion operation in house in 2019. They mention their pellets are “sourced” from Nebraska, spools are “manufactured” in Indiana, and colors are “manufactured” in Illinois. Quotes added to point out the lines and margins. You choose what is line and margin."
https://www.proto-pasta.com,yes,Protopasta,$0.00,$30.00,3/3,unknown,$0.00,$35.00,1/1,unknown,$0.00,x,x,x,$50.00,5/5,x,x,x,x,$70.00,1/1,x,x,yes,yes,$50.00,Shopify,Washington,Vancouver,Engineering Manufacturer,no sources for materials given They only offer 'advanced' filmaments with fiber and the like.
https://www.pushplastic.com,yes,Push Plastic,$29.00,$29.00,41/41,NatureWorks 4043D/3D850,$39.00,$33.00,14/14,unknown,$29.00,$30.00,21/21,unknown,$35.00,12/12,$38.67,4/4,x,x,$50.00,3/7,$98.00,5/5,yes,yes,$50.00,Shopify,Arizona,Springdale,Engineering Manufacturer,lists PMMA aka Acrylic 1kg=$49 and PEI@$70 for .5kg
https://www.seemecnc.com,yes,SeeMeCNC,$29.00,$30.00,5/6,unknown,$33.00,x,x,unknown,$25.00,$30.00,1/1,unknown,x,x,x,x,x,x,x,x,x,x,no,no,no,Shopify,Indiana,Ligonier,Re-Brand Retail,"no source given for materials, resellers of 'Atomic' brand filament (see above)"
https://taulman3d.com,yes,Taulman3d,$0.00,x,x,x,$0.00,$36.00,3/3,unknown,$0.00,x,x,x,x,x,x,x,$36.00,Multi,$60.00,2/2 (+7/7 @ $80),x,x,best,best,No/$13.50 flat rate,Paypal,Missouri,,Engineering Manufacturer,"U.S. company but no claim that their products are made in the u.s. Some claims that they work with Dupont, and Dow Chemical. Unknown sources. Only has Nylons and advanced. materials. PLA/PETG/ABS N/a. No physical address listed on the website."
https://tonerplastics.com,yes,Toner Plastics,$31.00,$31.00,5/17,NatureWorks,$42.00,$42.00,3/9,unknown,$31.00,$31.00,5/6,unknown,$42.00,1/1,$42.00,1/1,x,x,x,x,$42.00,3/3,yes,yes,$50.00,Paypal,Massachusetts,East Longmeadow,Wholesale Manufacturer,
no website found,no,Triptech Plastics,$30.00,x,x,unknown,$0.00,x,x,x,$30.00,x,x,unknown,x,x,x,x,x,x,x,x,x,x,x,x,x,x,Ohio,,Brand Retail,no source given for materials. Website has broken links and shopping area has labels copy pasted into the wrong areas (like listing PLA in the ABS description area)
https://folgertech.com,no merch,U.S. Monofilaments (folgertech),$20.00,$20.00,0/8,NatureWorks 3D850,$0.00,x,x,x,$0.00,x,x,x,x,x,x,x,x,x,x,x,x,x,x,x,x,Shopify,New Hampshire,,Brand Retail,"no source for materials given on folgertech site. U.S. Monofilment is made by EMCO and on their site source is listed as Nature Works 3D850. On folgertech site PLA $20, PETG n/a, ABS n/a EMCO site PLA $15 (on sale), PETG/ABS n/a //2021: no merch on website, states ‘we sell on ebay’ in the “about-us” page."
